{"computer": {"active": 1.0}, "salve": {"active": 0.5, "welcome": 0.5}, "ciao": {"active": 0.16666666666666666, "welcome": 0.8333333333333334}, "bella": {"active": 0.5, "welcome": 0.5}, "ei": {"active": 0.5, "welcome": 0.5}, "buongiorno": {"active": 0.5, "welcome": 0.5}, "buon": {"active": 0.5, "welcome": 0.5}, "giorno": {"active": 0.07692307692307693, "welcome": 0.07692307692307693, "get_date": 0.8461538461538461}, "mi": {"active": 0.125, "welcome": 0.125, "time": 0.25, "get_date": 0.375, "camera": 0.125}, "senti": {"active": 0.6666666666666666, "welcome": 0.3333333333333333}, "hey": {"welcome": 1.0}, "amico": {"welcome": 1.0}, "bro": {"welcome": 1.0}, "come": {"welcome": 0.3333333333333333, "mark_as_done": 0.6666666666666666}, "va": {"welcome": 0.6666666666666666, "confirm": 0.3333333333333333}, "tutto": {"welcome": 1.0}, "ok": {"welcome": 1.0}, "bello": {"welcome": 1.0}, "addio": {"deactive": 1.0}, "alla": {"deactive": 1.0}, "prossima": {"deactive": 0.5, "deny": 0.5}, "bye": {"deactive": 1.0}, "stop": {"deactive": 1.0}, "esci": {"shutdown": 1.0}, "arresta": {"shutdown": 1.0}, "il": {"shutdown": 0.23076923076923078, "get_date": 0.6153846153846154, "add_agenda": 0.07692307692307693, "weather": 0.07692307692307693}, "programma": {"shutdown": 1.0}, "dal": {"shutdown": 1.0}, "spegni": {"shutdown": 1.0}, "chiudi": {"shutdown": 1.0}, "che": {"time": 0.3333333333333333, "get_date": 0.28205128205128205, "get_agenda": 0.1282051282051282, "search_news": 0.05128205128205128, "search_wiki": 0.02564102564102564, "weather": 0.1794871794871795}, "ore": {"time": 1.0}, "sono": {"time": 0.8571428571428571, "search_news": 0.14285714285714285}, "ora": {"time": 1.0}, "è": {"time": 0.4375, "get_date": 0.1875, "weather": 0.375}, "dimmi": {"time": 0.3333333333333333, "get_date": 0.6666666666666666}, "l'orario": {"time": 1.0}, "orario": {"time": 1.0}, "dici": {"time": 0.4, "get_date": 0.6}, "l'ora": {"time": 1.0}, "a": {"time": 0.3333333333333333, "weather": 0.6666666666666666}, "ad": {"time": 1.0}, "in": {"time": 0.1, "get_agenda": 0.35, "add_agenda": 0.4, "mark_as_done": 0.15}, "da": {"time": 0.5, "weather": 0.5}, "me": {"time": 0.5, "weather": 0.5}, "qui": {"time": 0.6666666666666666, "weather": 0.3333333333333333}, "sarà": {"get_date": 1.0}, "era": {"get_date": 1.0}, "del": {"get_date": 1.0}, "tra": {"get_date": 1.0}, "giorni": {"get_date": 1.0}, "fa": {"get_date": 0.25, "weather": 0.75}, "crea": {"add_note": 1.0}, "una": {"add_note": 0.5, "delete_note": 0.14285714285714285, "camera": 0.21428571428571427, "search_google": 0.14285714285714285}, "nota": {"add_note": 0.5555555555555556, "get_notes": 0.2222222222222222, "delete_note": 0.2222222222222222}, "nuova": {"add_note": 1.0}, "perfavore": {"add_note": 1.0}, "vorrei": {"add_note": 0.5, "get_notes": 0.5}, "creare": {"add_note": 1.0}, "voglio": {"add_note": 0.3333333333333333, "get_notes": 0.3333333333333333, "add_agenda": 0.3333333333333333}, "aggiungi": {"add_note": 0.45454545454545453, "add_agenda": 0.5454545454545454}, "appunto": {"add_note": 1.0}, "un": {"add_note": 0.1111111111111111, "add_agenda": 0.7777777777777778, "open_youtube": 0.1111111111111111}, "delle": {"add_note": 1.0}, "note": {"add_note": 0.35, "get_notes": 0.3, "delete_note": 0.35}, "alle": {"add_note": 1.0}, "aggiungere": {"add_note": 0.6666666666666666, "add_agenda": 0.3333333333333333}, "scrivi": {"add_note": 0.4, "add_agenda": 0.6}, "la": {"add_note": 0.1, "get_notes": 0.4, "delete_note": 0.2, "deny": 0.1, "camera": 0.1, "weather": 0.1}, "sulle": {"add_note": 1.0}, "fammi": {"get_notes": 0.5, "get_agenda": 0.3333333333333333, "search_news": 0.16666666666666666}, "vedere": {"get_notes": 0.625, "get_agenda": 0.25, "search_news": 0.125}, "le": {"get_notes": 0.375, "delete_note": 0.3125, "search_news": 0.3125}, "mostrami": {"get_notes": 0.25, "get_agenda": 0.75}, "mostra": {"get_notes": 0.5714285714285714, "get_agenda": 0.2857142857142857, "search_news": 0.14285714285714285}, "apri": {"get_notes": 0.25, "camera": 0.08333333333333333, "search_google": 0.16666666666666666, "open_youtube": 0.25, "search_news": 0.16666666666666666, "search_wiki": 0.08333333333333333}, "gli": {"get_notes": 0.3, "get_agenda": 0.7}, "appunti": {"get_notes": 1.0}, "con": {"get_notes": 1.0}, "titolo": {"get_notes": 1.0}, "elimina": {"delete_note": 1.0}, "tutte": {"delete_note": 1.0}, "butta": {"delete_note": 1.0}, "cancella": {"delete_note": 1.0}, "impegni": {"get_agenda": 1.0}, "agenda": {"get_agenda": 0.4117647058823529, "add_agenda": 0.4117647058823529, "mark_as_done": 0.17647058823529413}, "per": {"get_agenda": 0.42857142857142855, "add_agenda": 0.2857142857142857, "search_google": 0.07142857142857142, "search_news": 0.14285714285714285, "search_wiki": 0.07142857142857142}, "ho": {"get_agenda": 0.8333333333333334, "mark_as_done": 0.16666666666666666}, "domani": {"get_agenda": 0.5, "add_agenda": 0.5}, "oggi": {"get_agenda": 0.5, "add_agenda": 0.5}, "dopodomani": {"get_agenda": 0.5, "add_agenda": 0.5}, "impegno": {"add_agenda": 0.6363636363636364, "mark_as_done": 0.36363636363636365}, "aggingi": {"add_agenda": 1.0}, "all'agenda": {"add_agenda": 1.0}, "angenda": {"add_agenda": 1.0}, "sull'agenda": {"add_agenda": 1.0}, "segna": {"mark_as_done": 1.0}, "fatto": {"mark_as_done": 1.0}, "marca": {"mark_as_done": 1.0}, "l'impegno": {"mark_as_done": 1.0}, "certo": {"confirm": 1.0}, "si": {"confirm": 1.0}, "ovvio": {"confirm": 1.0}, "assolutamente": {"confirm": 0.75, "deny": 0.25}, "certamente": {"confirm": 1.0}, "sicuro": {"confirm": 1.0}, "sicuramente": {"confirm": 1.0}, "bene": {"confirm": 1.0}, "sì": {"confirm": 1.0}, "confermo": {"confirm": 1.0}, "conferma": {"confirm": 1.0}, "no": {"deny": 1.0}, "lascia": {"deny": 1.0}, "stare": {"deny": 1.0}, "perdere": {"deny": 1.0}, "volta": {"deny": 1.0}, "niente": {"deny": 1.0}, "annulla": {"deny": 1.0}, "fotocamera": {"camera": 1.0}, "scatta": {"camera": 1.0}, "foto": {"camera": 1.0}, "fai": {"camera": 0.3333333333333333, "search_google": 0.6666666666666666}, "scatti": {"camera": 1.0}, "cerca": {"search_google": 0.375, "open_youtube": 0.125, "search_news": 0.375, "search_wiki": 0.125}, "su": {"search_google": 0.375, "open_youtube": 0.3125, "search_news": 0.125, "search_wiki": 0.1875}, "google": {"search_google": 0.8571428571428571, "search_news": 0.14285714285714285}, "ricerca": {"search_google": 1.0}, "internet": {"search_google": 1.0}, "cercami": {"search_google": 0.5, "search_wiki": 0.5}, "trova": {"search_google": 1.0}, "youtube": {"open_youtube": 1.0}, "metti": {"open_youtube": 1.0}, "po": {"open_youtube": 1.0}, "di": {"open_youtube": 1.0}, "musica": {"open_youtube": 1.0}, "notizie": {"search_news": 1.0}, "novità": {"search_news": 1.0}, "ci": {"search_news": 1.0}, "succede": {"search_news": 1.0}, "nel": {"search_news": 1.0}, "mondo": {"search_news": 1.0}, "news": {"search_news": 1.0}, "sull": {"search_news": 1.0}, "wikipedia": {"search_wiki": 1.0}, "dice": {"search_wiki": 1.0}, "tempo": {"weather": 1.0}, "c": {"weather": 1.0}, "piove": {"weather": 1.0}, "sole": {"weather": 1.0}, "clima": {"weather": 1.0}, "temperatura": {"weather": 1.0}, "qual": {"weather": 1.0}}